{"cameraMode":{"drawMode":0,"name":"Shaded","section":"Shading Mode"},"sceneLighting":true,"audioPlay":false,"sceneViewState":{"m_AlwaysRefresh":false,"showFog":true,"showSkybox":true,"showFlares":true,"showImageEffects":true,"showParticleSystems":true,"showVisualEffectGraphs":true,"m_FxEnabled":true},"in2DMode":false,"pivot":{"x":6.353151321411133,"y":3.606019973754883,"z":-0.43204423785209658},"rotation":{"x":-0.09668330103158951,"y":-0.3437013626098633,"z":-0.03556997328996658,"w":0.9334433674812317},"size":11.335901260375977,"orthographic":true}